date,title,presenting_author,work_authors,venue,kind,solicitation,venue_type,notes,internal_notes
2026-04-24,Bayesian success in disease severity forecasting,Jarad Niemi,,Best of Statistical Science (BOSS) 2026,talk,invited,conference,,
2026-03-23,Specifying prior distributions in reliability applications,Jarad Niemi,,SIAM Conference on Uncertainty Quantification (UQ26),talk,invited,conference,,
2025-10-10,Bayesian methodology for disease severity forecasting,Jarad Niemi,,"University of Nebraska, Medical Center",talk,invited,university,,
2025-05-02,Bayesian methodology for disease severity forecasting,Jarad Niemi,,Medical College of Wisconsin,talk,invited,university,,
2023-06-15,Gaussian Process Emulators with Functional Inputs for Water Erosion Prediction Project,Jarad Niemi,,NCCC170,talk,contributed,,,
2022-11-14,Building statistical emulators of computer models,Jarad Niemi,,St. Olaf College,talk,invited,university,,
2022-11-03,Toward emulators for agricultural computer models,Jarad Niemi,,Virginia Tech,talk,invited,university,,
2022-09-26,Advancing Scientific Practice through Agricultural Statistics,Jarad Niemi,,Iowa State University,talk,promotion talk,,,
2022-06-16,Computer Model Emulation in Agriculture,Jarad Niemi,,NCCC170,talk,contributed,,,
2021-06-11,Gaussian processes with functional length-scales for agricultural models,Jarad Niemi,,Statistical Society of Canada Annual Meeting,talk,invited,conference,,
2020-10-22,COVID-19 Forecast Hub,Jarad Niemi,,Iowa State University Undergraduate STAT Club,talk,contributed,,,
2020-10-15,COVID-19 forecast hub,Jarad Niemi,,University of Iowa,talk,invited,university,,
2020-09-23,Emulation of Agricultural Production Systems sIMulator (APSIM),Jarad Niemi,,Los Alamos National Labs,talk,invited,agency,,
2020-08-06,Multivariate temporal modeling of crime with dynamic linear models,Jarad Niemi,,Joint Statistical Meetings,talk,invited,conference,,
2020-03,OAT knot selection for approximate Gaussian processes,Jarad Niemi,,SIAM Conference on Uncertainty Quantification UQ20,talk,invited,conference,canceled due to COVID-19,
2020-01-10,Sequential knot selection in sparse Gaussian processes,Jarad Niemi,,Simon Fraser University,talk,invited,university,,
2019-07-30,Subfield Yield Analysis for Precision Agriculture,Jarad Niemi,,Joint Statistical Meetings,talk,contributed,major conference,,
2019-02-01,Bayesian analysis in R,Jarad Niemi,,Rgronomists/LunchinatoRs,talk,contributed,,,
2018-11-28,Emulation of WEPP and DEP,Jarad Niemi,,SAMSI MUMS Prediction Uncertainty and Extrapolation working group,talk,contributed,,,
2018-07-31,Fully Bayesian Analysis of Hierarchical Count Regression Models,Jarad Niemi,,Joint Statistical Meetings,talk,contributed,major conference,,
2018-06-26,Fully Bayesian analysis of hierarchical count regression models applied to RNAseq,Jarad Niemi,Will Landau,2018 ISBA World Meeting,poster,contributed,,,
2017-11-28,Fully Bayesian analysis for hierarchical count regression models,Jarad Niemi,,"University of California, Irvine",talk,invited,university,,
2017-03-24,Fully Bayesian analysis of RNAseq data for gene expression heterosis detection,Jarad Niemi,,University of Massachusetts - Amherst,talk,invited,university,,
2016-12-11,Parallelized Markov chain Monte Carlo algorithms utilizing GPUs with an application to RNAseq data analysis,Jarad Niemi,,"9th International Conference of the ERCIM WG on Computational and Methodological Statistics, University of Seville, Spain, 9-",talk,invited,conference,,
2016-11-19,Using information underlying missing data for improve estimation of NFL field goal kicker accuracy,Jarad Niemi,,Midwest Sports Analytics Meetings,talk,contributed,,,
2016-08-31,Hierarchical modeling and data fusion,Jarad Niemi,,Centers for Disease Control and Prevention Seasonal Influenza Forecasting Workshop,talk,invited,agency,,
2016-05-26,Massively parallel approximate Gaussian process regression,Jarad Niemi,,"Spring Research Conference, Illinois Institute of Technology",talk,invited,conference,,
2016-04-19,Stochastic dynamic models for low count observations,Jarad Niemi,,Institute for Disease Modeling Symposium,talk,invited,agency,,
2016-04-18,Particle learning for low counts in disease outbreaks,Jarad Niemi,,Institute for Disease Modeling,talk,invited,agency,,
2015-12-11,Bayesian analysis for heterosis detection in RNAseq data,Jarad Niemi,,"Department of Statistics, Colorado State University",talk,invited,,,
2015-12-10,CDCPlot: an Application for Viewing Weekly CDC MMWR Disease Count Data,Nicholas L. Michaud,"Aaron Kite-Powell, Jarad Niemi",2015 International Society for Disease Surveillance Conference,poster,contributed,,,
2015-12-07,Bayesian analysis for heterosis detection in RNAseq data,Jarad Niemi,,"Department of Applied Mathematics, University of Colorado-Boulder",talk,invited,,,
2015-12-03,A Bayesian Hierarchical Model for Estimating Influenza Epidemic Severity,Nicholas L. Michaud,Jarad Niemi,Epidemics5,poster,contributed,,,
2015-04-27,Empirical Bayes analysis for detection of gene heterosis in RNAseq data,Jarad Niemi,,"Conference on Applied Statistics in Agriculture, Manhattan, KS",talk,contributed,,,
2015-04,A Hierarchical Modeling Strategy for Identifying Gene Expression Heterosis using Parallel Computing with Graphics Processing Units (GPUs),Will Landau,Jarad Niemi,"Conference on Applied Statistics in Agriculture, Kansas State University",poster,contributed,,,
2015-04,Hierarchical Bayesian modeling of RNA-seq data with Stan,Eric Mittman,"Jarad Niemi, Dan Nettleton","Conference on Applied Statistics in Agriculture, Kansas State University",poster,contributed,,,
2015-01-28,Empirical Bayes identification of gene heterosis using RNAseq counts,Jarad Niemi,,"Animal Breeding and Genetics, Iowa State University",talk,invited,,,
2014-08-07,Massively parallel approximate Gaussian process regression,Jarad Niemi,,Joint Statistical Meetings,talk,invited,conference,,
2014-07-16,Poisson-binomial state-space model for disease outbreaks with low counts,Jarad Niemi,Michael Ludkovski,International Society for Bayesian Analysis World Meeting,poster,contributed,,,
2014-04-29,Bayesian Inference for covariance matrix,Ignacio Alvarez,Jarad Niemi,"Conference on Applied Statistics in Agriculture, Manhattan, KS",poster,contributed,,,
2013-12-07,"A Tool for Interactive Disease Outbreak Visualization, Detection, and Forecasting",Jarad Niemi,,2013 International Society for Disease Surveillance Conference,poster,contributed,,,
2013-09-16,Particle learning for low counts in disease outbreaks,Jarad Niemi,,"Department of Statistics, Iowa State University",talk,invited,,,
2013-06-10,Particle learning for sequential estimation and prediction of disease outbreaks,Jarad Niemi,,2013 ICSA-ISBS Joint Statistical Conference,talk,invited,conference,,
2013-04-30,Statistical methods for identifying gene expression heterosis,Jarad Niemi,Dan Nettleton,"Conference on Applied Statistics in Agriculture, Manhattan, KS",talk,contributed,,,
2013-03-15,Particle learning for low counts in disease outbreaks,Jarad Niemi,,Midwest Statistics Research Colloquium,talk,invited,conference,,
2012-10-20,A computational approach to the sequential control problem,Jarad Niemi,,Duke Department of Statistical Science 25th Anniversary Celebration,talk,invited,university,,
2012-08-29,Bird response to native habitat strips integrated into agricultural fields,A.L. MacDonald,"L.A. Schulte Moore, M.J. Helmers, J.B. Niemi","International Conference on Agricultural Biodiversity and Sustainability, Hokkaido",poster,contributed,,,
2012-08-07,Testing a new conservation practice for agricultural landscapes: Bird response to prairie strips in row-cropped landscapes,A.L. MacDonald,"L.A. Schulte, M.J. Helmers, J.B. Niemi",97th Annual Meeting of the Ecological Society of America,poster,contributed,,,
2012-06-28,Rejection sampling on a graphical processing unit,Jarad Niemi,,11th World Meeting of the International Society for Bayesian Analysis,talk,invited,conference,,
2012-01-20,Determining optimal sequential disease outbreak interventions,Jarad Niemi,,"University of Iowa, Computational Epidemiology Seminar",talk,invited,university,,
2011-12-07,Optimal sequential management decisions for measles outbreaks,Jarad Niemi,,10th International Society for Disease Surveillance 10th Annual Conference,talk,contributed,major conference,,
2011-12-07,An exploratory analysis of the 2010 measles outbreak in Zimbabwe,Jarad Niemi,,2011 International Society for Disease Surveillance Conference,poster,contributed,,,
2011-10-12,A sequential Monte Carlo primer,Jarad Niemi,,"Iowa State University, Department of Statistics, Computational Statistics working group",talk,invited,,,
2011-09-28,Statistical computing on graphical processing units,Jarad Niemi,,"Iowa State University, Department of Statistics, Computational Statistics working group",talk,invited,,,
2011-04-12,Time management,Jarad Niemi,,"University of California, Santa Barbara IGERT Career Development Seminar Series",talk,contributed,,,
2011-02-24,Optimal dynamic policies for influenza management,Jarad Niemi,,"Department of Statistics, Iowa State University",talk,invited,,,
2011-01-12,Optimal sequential management decisions for influenza outbreaks,Jarad Niemi,Mike Ludkovski,"Department of Statistics and Applied Probability, University of California, Santa Barbara",talk,invited,,,
2011-01-06,Parameter inference in stochastic chemical kinetic models on GPUs,Jarad Niemi,Matthew Wheeler,MCMSki3: 4th International IMS/ISBA Joint Meeting,poster,contributed,,,
2010-12-02,Optimal sequential management decisions for influenza outbreaks,Jarad Niemi,,9th International Society for Disease Surveillance 9th Annual Conference,talk,contributed,major conference,,
2010-08-04,Evaluating individual player contributions in basketball,Jarad Niemi,,Joint Statistical Meetings,talk,contributed,major conference,,
2010-04-08,A brief introduction to R,Jarad Niemi,,"University of California, Santa Barbara Quantitative Methods in Social Sciences seminar",talk,contributed,,,
2009-11-19,Early outbreak detection using syndromic surveillance networks,Jarad Niemi,,"Department of Biostatistics, University of California, Los Angeles",talk,invited,university,,
2009-10-21,A sequential Monte Carlo primer,Jarad Niemi,,"Department of Statistics and Applied Probability, University of California, Santa Barbara",talk,invited,,,
2009-08-03,Adaptive mixture modeling Metropolis methods for state inference in nonlinear time series,Jarad Niemi,,Joint Statistical Meetings,talk,invited,conference,,
2009-05-18,Nonlinear dynamic models for single-cell time-lapse microscopy,Jarad Niemi,Mike West,Duke Center for Systems Biology Retreat,poster,contributed,,,
2009-02-19,Computational methods for general state-space models,Jarad Niemi,,"Department of Mathematics and Statistics, University of New Mexico",talk,invited,university,,
2009-02-17,Computational methods for general state-space models,Jarad Niemi,,"Department of Statistics, University of Michigan",talk,invited,university,,
2009-02-17,Computational methods for general state-space models,Jarad Niemi,,"Department of Information, Risk, and Operations Management, University of Texas, Austin",talk,invited,university,,
2009-02-06,Computational methods for general state-space models,Jarad Niemi,,"Department of Biostatistics, Johns Hopkins University",talk,invited,university,,
2009-01-28,Computational methods for general state-space models,Jarad Niemi,,"Department of Biostatistics, University of California, Los Angeles",talk,invited,university,,
2009-01-26,Computational methods for general state-space models,Jarad Niemi,,"Department of Statistics, Iowa State University",talk,invited,university,,
2009-01-12,Computational approaches for general state-space models,Jarad Niemi,,"Department of Statistics and Applied Probability, University of California, Santa Barbara",talk,invited,university,,
2008-12-03,Mixture likelihood ratio scan statistic for disease outbreak detection,Jarad Niemi,,7th Annual Meeting of the International Society for Disease Surveillance,talk,contributed,major conference,,
2008-12-02,Test power for drug abuse surveillance,Jarad Niemi,,BioSecure,talk,invited,conference,,
2008-11-17,Assessing the effectiveness of a national drug intervention policy,Jarad Niemi,,Graduate Student Seminar Series,talk,contributed,,,
2008-09-08,Adaptive mixture filtering: an alternative to particle filtering?,Jarad Niemi,,SAMSI Sequential Monte Carlo Kickoff Workshop,poster,contributed,,,
2008-04-02,Discrete-time models for intracellular processes in systems biology,Jarad Niemi,,"Graduate Student Research Day, Duke University",talk,contributed,,,
2008-02-25,Bayesian analysis in systems biology: advances and impact in single-cell dynamical networks,Jarad Niemi,,Graduate Student Seminar Series,talk,contributed,,,
2007-05-26,Bayesian modeling and inference in single cell dynamic networks,Jarad Niemi,,39th Symposium on the Interface: Computing Science and Statistics,talk,contributed,major conference,,
2007-05-24,Stochastic modelling and estimation in dynamic cellular networks,Jarad Niemi,Mike West,39th Symposium on the Interface: Computing Science and Statistics,talk,invited,,,
2007-03-05,Bayesian parameter estimation for systems biological models of dynamic cellular networks,Jarad Niemi,Mike West,SAMSI Biosystems Modeling Workshop,poster,contributed,,,
2006-09-14,Bayesian parameter estimation for systems biological models of dynamic cellular networks,Jarad Niemi,Mike West,1st Annual Duke Systems Biology Symposium,poster,contributed,,,
2006-06-05,Bayesian parameter estimation for systems biological models of dynamic cellular networks,Jarad Niemi,Mike West,8th Valencia International Meeting on Bayesian Statistics,poster,contributed,,,
2006-08-08,Identifying and evaluating contrarian strategies for NCAA tournament pools,Jarad Niemi,,"2006 Joint Statistical Meetings, 8 August",talk,contributed,major conference,,
,fbseq: An R package for fully Bayesian analysis of RNAseq data,Jarad Niemi,Will Landau,,poster,contributed,,,venue and date not recorded in the CV source
