person_id,name,website,linkedin,github,orcid,current_title,current_affiliation,profiles_checked,notes
jarad-niemi,Jarad Niemi,,,,https://orcid.org/0000-0002-5079-158X,,,,
abhishek-chakraborty,Abhishek Chakraborty,,,,,,,,
adam-martin-schwarze,Adam Martin-Schwarze,,,https://github.com/AdamMS,,,"SABER, University of Michigan",2026-10-02,
aditya-ranade,Aditya Ranade,,,,,,,,
alex-cleveringa,Alex Cleveringa,,https://www.linkedin.com/in/alexcleveringa/,,,,Corteva Agriscience,2026-10-02,
alexander-phillips,Alexander Phillips,,,,,,,,
alicia-carriquiry,Alicia Carriquiry,,,,,,,,
alon-klekner,Alon Klekner,,,,,,,,
amy-crawford,Amy Crawford,,,,,,,2026-10-02,
an-nguyen,An Nguyen,,,,,,,,
andrea-kaplan,Andrea Kaplan,http://andeekaplan.com,,https://github.com/andeek,,,Colorado State University,2026-10-02,
andreea-erciulescu,Andreea Erciulescu,,https://www.linkedin.com/in/andreea-luisa-erciulescu-6290882b/,,,Associate Vice President,Westat,2026-10-02,
andrew-lithio,Andrew Lithio,,,,,,,2026-10-02,
anna-diaz-farias,Anna Diaz Farias,https://www.stat.iastate.edu/people/anna-diaz-farias,,,,,,2026-10-02,
anna-macdonald,Anna MacDonald,,,,,,,2026-10-02,
anwen-yin,Anwen Yin,,https://www.linkedin.com/in/anwen-yin-97065027/,,,,Texas A&M University System,2026-10-02,
aridania-gerardo,Aridania Gerardo,,,,,,,,
astha-singh,Astha Singh,,,,,,,,
ben-monroe,Ben Monroe,,,,,,,,
ben-moolman,Ben Moolman,,https://www.linkedin.com/in/benmoolman/,,,PhD student,Iowa State University,2026-10-02,
benedict-neo,Benedict Neo,,,,,,,,
bhargav-yellepeddi,Bhargav Yellepeddi,,,,,,,,
brady-clausen,Brady Clausen,,,,,,,2026-10-02,
brady-mcneil,Brady McNeil,,https://www.linkedin.com/in/brady-mcneil-970b9690/,,,Multiplication Business Lead,DNA Genetics,2026-10-02,
brandon-brockshus,Brandon Brockshus,,,,,,,2026-10-02,
caio-dos-santos,Caio dos Santos,https://cldossantos.github.io/,https://www.linkedin.com/in/cldossantos/,https://github.com/cldossantos,,,,2026-10-02,
caitlyn-abell,Caitlyn Abell,,,,,,,2026-10-02,
carlos-llosa,Carlos Llosa,,https://www.linkedin.com/in/carlos-llosa-83a77aa2/,https://github.com/carlos-llosa,,Senior Statistician,Sandia National Laboratories,2026-10-02,
carson-sievert,Carson Sievert,https://cpsievert.me/,https://www.linkedin.com/in/carsonsievert/,https://github.com/cpsievert,,Principal Software Engineer,Posit,2026-10-02,
casey-oliver,Casey Oliver,,,,,,,2026-10-02,
charles-labuzzetta,Charles Labuzzetta,,,,,,,,
chenhui-liu,Chenhui Liu,,,,,,,,
chi-yang-chiu,Chi-Yang Chiu,,,,,,,2026-10-02,
colin-lewis-beck,Colin Lewis-Beck,,https://www.linkedin.com/in/colin-lewis-beck-9809741b/,,,Data Scientist,Google,2026-10-02,
dan-nettleton,Dan Nettleton,,,,,,,,
danica-ommen,Danica Ommen,,,,,,,,
debarshi-chakraborty,Debarshi Chakraborty,,https://www.linkedin.com/in/debarshi-statsforever/,,,PhD student,Iowa State University,2026-10-02,
daniel-ries,Daniel Ries,,,,,,,2026-10-02,
danny-sheinson,Danny Sheinson,,https://www.linkedin.com/in/daniel-sheinson-55245218/,,,,Genentech,2026-10-02,
david-gao,David Gao,,,,,,,,
david-osthus,David Osthus,,https://www.linkedin.com/in/dave-osthus-088927147/,,,,Los Alamos National Laboratory,2026-10-02,
dennis-lock,Dennis Lock,,https://www.linkedin.com/in/dennis-lock-1077661b/,,,Vice President of Football Research,Buffalo Bills,2026-10-02,
diego-ortiz,Diego Ortiz,,,,,,,,
earl-hur,Earl Hur,,,,,,,2026-10-02,
eddie-shea,Eddie Shea,,,,,,,2026-10-02,
eduardo-trujillo,Eduardo Trujillo,,,,,,,,
elizabeth-hines,Elizabeth Hines,,,,,,,,
eric-mittman,Eric Mittman,,https://www.linkedin.com/in/eric-t-mittman/,,,Data Scientist,JMP,2026-10-02,
federico-veneri-guarch,Federico Veneri Guarch,https://fveneri.netlify.app/,https://www.linkedin.com/in/federico-veneri/,https://github.com/fveneri,,PhD candidate,Iowa State University,2026-10-02,
feifan-cao,Feifan Cao,,,,,,,,
fredrick-osei,Fredrick Osei,,https://www.linkedin.com/in/fredrick-osei-ms-813837224/,,,,,2026-10-02,
gabriel-arthur,Gabriel Arthur,,https://www.linkedin.com/in/gabriel-amoah-arthur-6086ba19a/,,,PhD student,Iowa State University,2026-10-02,
george-charalambous,George Charalambous,,https://www.linkedin.com/in/geocha21/,,,PhD student,Iowa State University,2026-10-02,
gerald-niemi,Gerald J. Niemi,,,,,,,,Co-author; Jarad's father. Distinct from jarad-niemi.
gray-calhoun,Gray Calhoun,,,,,,,,
greg-krahn,Greg Krahn,,,,,,,2026-10-02,
gulzina-kuttubekova,Gulzina Kuttubekova,,,,,,,,
han-gang,Han Gang,,,,,,,2026-10-02,
hao-cheng,Hao Cheng,,https://www.linkedin.com/in/haochengdata/,,,Associate Professor of Quantitative Genetics,"University of California, Davis",2026-10-02,
hao-sun,Hao Sun,,,,,,,,
huy-pham,Huy Pham,,,,,,,,
ian-parzyszek,Ian Parzyszek,,,,,,,,
ignacio-alvarez-castro,Ignacio Alvarez-Castro,https://nachalca.github.io/nacho-pagina/,,https://github.com/nachalca,,Statistician,"IESTA, Universidad de la Republica (Uruguay)",2026-10-02,
isuri-hitinayake,Isuri Hitinayake,,,,,,,,
jason-saporta,Jason Saporta,,,,,,,2026-10-02,
jennifer-chang,Jennifer Chang,http://j23414.github.io/,https://www.linkedin.com/in/jenchang212/,https://github.com/j23414,,,,2026-10-02,
jessica-stephenson,Jessica Stephenson,,,,,,,,
jian-zeng,Jian Zeng,https://imb.uq.edu.au/profile/1738/jian-zeng,,,,NHMRC Emerging Leadership Fellow,"Institute for Molecular Bioscience, University of Queensland",2026-10-02,
jingnan-zhao,Jingnan Zhao,,,,,,,2026-10-02,
jordan-giese,Jordan Giese,https://www.ckwri.tamuk.edu/about/jordan-c-giese-phd,,,,Assistant Professor of Research,"Caesar Kleberg Wildlife Research Institute, Texas A&M University-Kingsville",2026-10-02,
joseph-stock,Joseph Stock,,,,,,,2026-10-02,
kai-zhou,Kai Zhou,,,,,,,2026-10-02,
katie-will,Katie Will,,,,,,,2026-10-02,
kaushiki-singh,Kaushiki Singh,,https://www.linkedin.com/in/kaushiki-singh-0a84a0119/,,,Economist,The World Bank,2026-10-02,
kenneth-wakeland,Kenneth Wakeland,,,,,,,2026-10-02,
keyshell-shakira-cole-hodgson,Keyshell Shakira Cole Hodgson,,,,,,,2026-10-02,
laritza-dominguez-lorenzo,Laritza Dominguez Lorenzo,,,,,,,2026-10-02,
lei-xue,Lei Xue,,,,,,,2026-10-02,
lingnan-yuan,Lingnan Yuan,,,,,,,,
luis-damiano,Luis Damiano,,https://www.linkedin.com/in/luis-damiano-9142611a/,https://github.com/luisdamiano,,Postdoctoral Appointee,Sandia National Laboratories,2026-10-02,
luvenia-hellams,Luvenia Hellams,,,,,,,2026-10-02,
lydia-english,Lydia English,,,,,,,2026-10-02,
majd-alslman,Majd Alslman,,,,,,,,
manish-mosalpuri,Manish Mosalpuri,,,,,,,,
marie-hardt,Marie Hardt,,,,,,,,
matt-nowatzke,Matt Nowatzke,,,,,,,,
matt-stephenson,Matt Stephenson,,,,,,,,
matthew-simpson,Matthew Simpson,,,,,,,2026-10-02,
matthew-wheeler,Matthew Wheeler,,https://www.linkedin.com/in/matt-wheeler-0757971/,,,,,2026-10-02,
meiling-liu,Meiling Liu,,,,,,,2026-10-02,
melanie-hayr,Melanie Hayr,,,,,,,,
minliang-yang,Minliang Yang,https://provost.ncsu.edu/global-one-health-academy/people/minliang-yang,https://www.linkedin.com/in/minliang-yang-a3397aa1/,,,Assistant Professor,"North Carolina State University, Department of Food, Bioprocessing and Nutrition Sciences",2026-10-02,
mostafa-ranjbar,Mostafa Ranjbar,,,,,,,,
natalia-da-silva,Natalia da Silva,https://natydasilva.github.io/,https://www.linkedin.com/in/natalia-da-silva-770700a1/,https://github.com/natydasilva,,Assistant Professor of Statistics,"Universidad de la Republica (UDELAR), Instituto de Estadistica (IESTA)",2026-10-02,
nate-garton,Nate Garton,,https://www.linkedin.com/in/nate-garton-9434258a/,,,Senior Data Scientist,GA-CCRi,2026-10-02,
nehemias-ulloa,Nehemias Ulloa,,https://www.linkedin.com/in/nehemiasulloa/,,,Senior Mathematical Statistician,USDA Animal and Plant Health Inspection Service,2026-10-02,
nichellele-carrington,Nichelle'Le Carrington,,,,,,,,
nicholas-clark,Nicholas Clark,,,,,,,,
nicholas-michaud,Nicholas Michaud,,,,,,,2026-10-02,
olumide-olafasakin,Olumide Olafasakin,,,,,,,,
petrutza-caragea,Petrutza Caragea,,,,,,,,
philip-dixon,Philip Dixon,,,,,,,,
pratik-sapkota,Pratik Sapkota,,,,,,,2026-10-02,
pulong-ma,Pulong Ma,,,,,,,,
pushpinder-gill,Pushpinder Gill,https://www.uwindsor.ca/business/793/pushpinder-gill-bio,https://www.linkedin.com/in/pushpinder-gill-18827066/,,,Assistant Professor of Marketing,"University of Windsor, Odette School of Business",2026-10-02,
qianqian-shan,Qianqian Shan,,https://www.linkedin.com/in/qianqian-shan/,,,,Amazon,2026-10-02,
rachel-fahrenholtz,Rachel Fahrenholtz,,,,,,,2026-10-02,
rayma-cooley,Rayma Cooley,,,,,,,2026-10-02,
rebecca-reeves,Rebecca Reeves,,,,,,,2026-10-02,
rebekah-scott,Rebekah Scott,,,,,,,,
ridma-ganganath,Ridma Ganganath,,,,,,,,
robert-foster,Robert Foster,,,,,,,,
roger-castillo-ramos,Roger Castillo-Ramos,,,,,,,,
saee-kamat,Saee Kamat,,,,,,,,
saloni-purandare,Saloni Purandare,,,,,,,,
samuel-benidt,Samuel Benidt,,,,,,,2026-10-02,
seo-yeon-jung,Seo Yeon-Jung,,,,,,,,
shubham-prashant-khoje,Shubham-Prashant Khoje,,,,,,,,
spencer-wadsworth,Spencer Wadsworth,,https://www.linkedin.com/in/spencer-wadsworth/,,,,,2026-10-02,
srilikitheswari-korrapati,Srilikitheswari Korrapati,,,,,,,,
susanne-chan,Susanne Chan,,,,,,,,
tong-tong,Tong Tong,,,,,,,2026-10-02,
troy-ness,Troy Ness,,,,,,,2026-10-02,
tyler-streeter,Tyler Streeter,,,,,,,2026-10-02,
vianey-leos,Vianey Leos,https://vleosbarajas.com,https://www.linkedin.com/in/vianey-leos-barajas-449831354/,https://github.com/vianeylb,,Assistant Professor,"University of Toronto, Department of Statistical Sciences and School of the Environment",2026-10-02,
virginia-nichols,Virginia Nichols,https://agro.au.dk/profil/kontakt/medarbejdere/vis/person/dd3cca9a-b3d6-404f-a0d1-45b5cc03a536,https://www.linkedin.com/in/virginia-gina-nichols/,,,Tenure Track Assistant Professor,Aarhus University,2026-10-02,
wade-dismukes,Wade Dismukes,,,,,,,2026-10-02,
wendy-meiring,Wendy Meiring,,,,,,,,
will-landau,Will Landau,https://wlandau.github.io,https://www.linkedin.com/in/wlandau/,https://github.com/wlandau,,Statistician and Software Developer,Eli Lilly and Company,2026-10-02,
xiaolan-wan,Xiaolan Wan,,,,,,,,
xin-yin,Xin Yin,,,,,,,2026-10-02,
xiyuan-sun,Xiyuan Sun,,https://www.linkedin.com/in/kelly-xiyuan-sun-294ba366/,,,,,2026-10-02,
xufang-zheng,Xufang Zheng,,,https://github.com/xufangatm,,,,2026-10-02,
yet-nguyen,Yet Nguyen,https://www.odu.edu/node/141616,,https://github.com/ntyet,,Associate Professor,"Old Dominion University, Department of Mathematics and Statistics",2026-10-02,
yihui-xie,Yihui Xie,https://yihui.org,https://www.linkedin.com/in/yihuixie/,https://github.com/yihui,,,,2026-10-02,
young-joo-lee,Young-Joo Lee,,,,,,,,
